{"id":3,"name":"ModuleTranslation","project":"edition3ag","nbent":2,"listentity":[{"id":345,"name":"chapterdialog","attribut":{"4":{"name":"checked_at","nullable":"default","size":"","formtype":"date","datatype":"datetime"},"5":{"name":"status","nullable":"not","size":"11","formtype":"text","datatype":"integer"},"6":{"name":"nbwords","nullable":"not","size":"11","formtype":"text","datatype":"integer"},"7":{"name":"started_at","nullable":"default","size":"","formtype":"date","datatype":"datetime"}},"relation":[{"entity":"abonne","cardinality":"manyToOne","nullable":"default","ondelete":"cascade","onupdate":"cascade"},{"entity":"chapter","cardinality":"manyToOne","nullable":"default","ondelete":"cascade","onupdate":"cascade"}],"module":{"id":3},"ref":null},{"id":377,"name":"chaptertranslate","attribut":{"2":{"name":"date_start","nullable":"default","size":"","formtype":"date","datatype":"datetime"},"3":{"name":"date_end","nullable":"default","size":"","formtype":"date","datatype":"datetime"},"4":{"name":"lang","nullable":"default","size":"2","formtype":"text","datatype":"string"},"7":{"name":"status","nullable":"not","size":"11","formtype":"text","datatype":"integer"}},"relation":[{"entity":"chapterdialog","cardinality":"manyToOne","nullable":"default","ondelete":"cascade","onupdate":"cascade"},{"entity":"abonne","cardinality":"manyToOne","nullable":"default","ondelete":"cascade","onupdate":"cascade"}],"module":{"id":3},"ref":null}]}