{
  "id": 2,
  "name": "ModuleKola",
  "project": "spacekola",
  "nbent": 2,
  "listentity": [
    {
      "name": "kola",
      "attribut": [
        {
          "name": "creationdate",
          "visibility": "",
          "datatype": "datetime",
          "size": "",
          "nullable": "not",
          "defaultvalue": "auto",
          "formtype": "text"
        }
      ],
      "relation": [
        {
          "entity": "user",
          "cardinality": "manyToOne",
          "nullable": "not",
          "ondelete": "cascade",
          "onupdate": "cascade"
        }
      ]
    },
    {
      "name": "kolacomicbook",
      "attribut": [ ],
      "relation": [
        {
          "entity": "comicbook",
          "cardinality": "manyToOne",
          "nullable": "not",
          "ondelete": "cascade",
          "onupdate": "cascade"
        }
      ]
    },
    {
      "name": "kolachapter",
      "attribut": [ ],
      "relation": [
        {
          "entity": "chapter",
          "cardinality": "manyToOne",
          "nullable": "not",
          "ondelete": "cascade",
          "onupdate": "cascade"
        }
      ]
    },
    {
      "name": "kolapost",
      "attribut": [ ],
      "relation": [
        {
          "entity": "post",
          "cardinality": "manyToOne",
          "nullable": "not",
          "ondelete": "cascade",
          "onupdate": "cascade"
        }
      ]
    },
    {
      "name": "kolapostimage",
      "attribut": [ ],
      "relation": [
        {
          "entity": "postimage",
          "cardinality": "manyToOne",
          "nullable": "not",
          "ondelete": "cascade",
          "onupdate": "cascade"
        }
      ]
    },
    {
      "name": "kolapostcomment",
      "attribut": [ ],
      "relation": [
        {
          "entity": "postcomment",
          "cardinality": "manyToOne",
          "nullable": "not",
          "ondelete": "cascade",
          "onupdate": "cascade"
        }
      ]
    }
  ]
}