{"id":5,"name":"ModuleImage","project":"edition3ag","nbent":1,"listentity":[{"id":910,"name":"image","attribut":{"2":{"name":"width_size","nullable":"not","size":"255","formtype":"text","datatype":"string"},"3":{"name":"height_size","nullable":"not","size":"255","formtype":"text","datatype":"string"},"4":{"name":"title","nullable":"not","size":"255","formtype":"text","datatype":"string"},"5":{"name":"creationdate","nullable":"not","size":"","formtype":"date","datatype":"datetime"},"6":{"name":"author","nullable":"default","size":"255","formtype":"text","datatype":"string"},"7":{"name":"about","nullable":"collate","size":"","formtype":"textarea","datatype":"text"},"8":{"name":"image","nullable":"not","size":"255","formtype":"text","datatype":"string"},"9":{"name":"path","nullable":"default","size":"150","formtype":"text","datatype":"string"},"10":{"name":"isnew","nullable":"default","size":"1","formtype":"text","datatype":"string"}},"relation":[{"entity":"abonne","cardinality":"manyToOne","nullable":"default","ondelete":"cascade","onupdate":"cascade"}],"module":{"id":5}}]}