{
  "name": "postimage",
  "attribut": {
    "1": {
      "name": "creationdate",
      "visibility": "",
      "datatype": "datetime",
      "size": "",
      "nullable": "not",
      "defaultvalue": "auto",
      "formtype": "text"
    }
  },
  "relation": [
    {
      "entity": "post",
      "cardinality": "manyToOne",
      "nullable": "not",
      "ondelete": "cascade",
      "onupdate": "cascade"
    },
    {
      "entity": "image",
      "cardinality": "manyToOne",
      "nullable": "not",
      "ondelete": "cascade",
      "onupdate": "cascade"
    }
  ]
}