{"name":"post","attribut":{"1":{"name":"poststyle","visibility":"poststyle","datatype":"text","size":"","nullable":"default","formtype":"text"},"2":{"name":"reach","visibility":"reach","datatype":"integer","size":"","nullable":"default","formtype":"text"},"3":{"name":"locked","visibility":"locked","datatype":"boolean","size":"","nullable":"default","formtype":"text"},"4":{"name":"creationdate","visibility":"creationdate","datatype":"datetime","size":"","nullable":"not","defaultvalue":"auto","formtype":"text"}},"relation":[{"entity":"user","cardinality":"manyToOne","nullable":"not","ondelete":"cascade","onupdate":"cascade"}]}