{"id":1,"name":"ModuleComicbook","project":"edition3ag","nbent":3,"listentity":[{"id":144,"name":"comicbook","attribut":{"2":{"name":"name","nullable":"not","size":"55","formtype":"text","datatype":"string"},"3":{"name":"alternatif","nullable":"not","size":"25","formtype":"text","datatype":"string"},"4":{"name":"creationdate","nullable":"not","size":"","formtype":"date","datatype":"date"},"5":{"name":"readingdirection","nullable":"not","size":"","formtype":"radio","datatype":"boolean"},"6":{"name":"synopsis","nullable":"collate","size":"","formtype":"textarea","datatype":"text"},"7":{"name":"banner","nullable":"default","size":"55","formtype":"text","datatype":"string"},"8":{"name":"logo","nullable":"default","size":"55","formtype":"text","datatype":"string"},"9":{"name":"imgclassement","nullable":"default","size":"50","formtype":"text","datatype":"string"},"10":{"name":"pteimage","nullable":"default","size":"50","formtype":"text","datatype":"string"},"11":{"name":"ischronic","nullable":"not","size":"","formtype":"radio","datatype":"boolean"},"12":{"name":"path","nullable":"default","size":"120","formtype":"text","datatype":"string"}},"relation":[],"module":{"id":1},"ref":null},{"id":242,"name":"chapter","attribut":{"2":{"name":"title","nullable":"not","size":"255","formtype":"text","datatype":"string"},"3":{"name":"number","nullable":"not","size":"11","formtype":"text","datatype":"integer"},"4":{"name":"creationdate","nullable":"default","size":"","formtype":"date","datatype":"datetime"},"5":{"name":"images","nullable":"default","size":"","formtype":"textarea","datatype":"text"},"6":{"name":"isnew","nullable":"default","size":"","formtype":"textarea","datatype":"text"},"7":{"name":"status","nullable":"not","size":"","formtype":"radio","datatype":"boolean"},"9":{"name":"lang","nullable":"default","size":"2","formtype":"text","datatype":"string"},"10":{"name":"intranslation","nullable":"not","size":"","formtype":"radio","datatype":"boolean"},"11":{"name":"translated","nullable":"not","size":"","formtype":"radio","datatype":"boolean"},"12":{"name":"tranlatedto","nullable":"default","size":"2","formtype":"text","datatype":"string"},"13":{"name":"path","nullable":"default","size":"120","formtype":"text","datatype":"string"},"14":{"name":"cover","nullable":"default","size":"255","formtype":"text","datatype":"string"}},"relation":[{"entity":"comicbook","cardinality":"manyToOne","nullable":"default","ondelete":"cascade","onupdate":"cascade"}],"module":{"id":1}},{"id":828,"name":"gender","attribut":[{"name":"name","nullable":"not","size":"233","formtype":"text","datatype":"string"}],"relation":[],"module":{"id":1}}]}