{"id":4,"name":"ModuleRessource","project":"edition3ag","nbent":3,"listentity":[{"id":29,"name":"abonne","attribut":{"2":{"name":"pseudo","nullable":"not","size":"255","formtype":"text","datatype":"string"},"9":{"name":"date_naissance","nullable":"default","size":"","formtype":"date","datatype":"date"},"10":{"name":"sexe","nullable":"not","size":"","formtype":"radio","datatype":"boolean"},"11":{"name":"ischecker","nullable":"not","size":"","formtype":"radio","datatype":"boolean"},"12":{"name":"istraductor","nullable":"not","size":"","formtype":"radio","datatype":"boolean"}},"relation":[{"entity":"country","cardinality":"manyToOne","nullable":"default","ondelete":"cascade","onupdate":"cascade"}],"module":{"id":4}},{"id":497,"name":"drawer","attribut":{"3":{"name":"pseudo","nullable":"not","size":"255","formtype":"text","datatype":"string"},"4":{"name":"firstname","nullable":"not","size":"255","formtype":"text","datatype":"string"},"5":{"name":"lastname","nullable":"not","size":"255","formtype":"text","datatype":"string"},"6":{"name":"email","nullable":"not","size":"255","formtype":"text","datatype":"string"},"7":{"name":"tel","nullable":"default","size":"25","formtype":"text","datatype":"string"},"9":{"name":"date_ajout","nullable":"not","size":"","formtype":"date","datatype":"date"},"10":{"name":"date_naissance","nullable":"default","size":"","formtype":"date","datatype":"date"},"11":{"name":"sexe","nullable":"not","size":"","formtype":"radio","datatype":"boolean"}},"relation":[{"entity":"country","cardinality":"manyToOne","nullable":"default","ondelete":"cascade","onupdate":"cascade"},{"entity":"abonne","cardinality":"manyToOne","nullable":"default","ondelete":"cascade","onupdate":"cascade"},{"entity":"image","cardinality":"manyToOne","nullable":"default","ondelete":"cascade","onupdate":"cascade"}],"module":{"id":4}},{"id":2061,"name":"work","attribut":{"2":{"name":"title","nullable":"not","size":"25","formtype":"text","datatype":"string"},"3":{"name":"creationdate","nullable":"not","size":"","formtype":"date","datatype":"date"}},"relation":[{"entity":"abonne","cardinality":"manyToOne","nullable":"default","ondelete":"cascade","onupdate":"cascade"}],"module":{"id":4}}]}