{
  "id": 2,
  "name": "ModulePost",
  "project": "spacekola",
  "nbent": 2,
  "listentity": [
    {
      "name": "post",
      "attribut": [
        {
          "name": "content",
          "visibility": "content",
          "datatype": "text",
          "size": "",
          "nullable": "default",
          "formtype": "textarea"
        },
        {
          "name": "poststyle",
          "visibility": "poststyle",
          "datatype": "text",
          "size": "",
          "nullable": "default",
          "formtype": "text"
        },
        {
          "name": "reach",
          "visibility": "reach",
          "datatype": "integer",
          "size": "",
          "nullable": "default",
          "formtype": "text"
        },
        {
          "name": "locked",
          "visibility": "locked",
          "datatype": "boolean",
          "size": "",
          "nullable": "default",
          "formtype": "text"
        },
        {
          "name": "creationdate",
          "visibility": "creationdate",
          "datatype": "datetime",
          "size": "",
          "nullable": "not",
          "defaultvalue": "auto",
          "formtype": "text"
        }
      ],
      "relation": [
        {
          "entity": "user",
          "cardinality": "manyToOne",
          "nullable": "not",
          "ondelete": "cascade",
          "onupdate": "cascade"
        }
      ]
    },
    {
      "name": "postimage",
      "attribut": [
        {
          "name": "content",
          "visibility": "content",
          "datatype": "string",
          "size": 255,
          "nullable": "default",
          "formtype": "text"
        },
        {
          "name": "creationdate",
          "visibility": "",
          "datatype": "datetime",
          "size": "",
          "nullable": "not",
          "defaultvalue": "auto",
          "formtype": "text"
        }
      ],
      "relation": [
        {
          "entity": "post",
          "cardinality": "manyToOne",
          "nullable": "not",
          "ondelete": "cascade",
          "onupdate": "cascade"
        },
        {
          "entity": "image",
          "cardinality": "manyToOne",
          "nullable": "not",
          "ondelete": "cascade",
          "onupdate": "cascade"
        }
      ]
    },
    {
      "name": "postchapter",
      "attribut": [
        {
          "name": "content",
          "visibility": "content",
          "datatype": "string",
          "size": 255,
          "nullable": "default",
          "formtype": "text"
        },
        {
          "name": "creationdate",
          "visibility": "",
          "datatype": "datetime",
          "size": "",
          "nullable": "not",
          "defaultvalue": "auto",
          "formtype": "text"
        }
      ],
      "relation": [
        {
          "entity": "post",
          "cardinality": "manyToOne",
          "nullable": "not",
          "ondelete": "cascade",
          "onupdate": "cascade"
        },
        {
          "entity": "chapter",
          "cardinality": "manyToOne",
          "nullable": "not",
          "ondelete": "cascade",
          "onupdate": "cascade"
        }
      ]
    },
    {
      "name": "postcomment",
      "attribut": [
        {
          "name": "creationdate",
          "visibility": "",
          "datatype": "datetime",
          "size": "",
          "nullable": "not",
          "defaultvalue": "auto",
          "formtype": "text"
        }
      ],
      "relation": [
        {
          "entity": "post",
          "cardinality": "manyToOne",
          "nullable": "not",
          "ondelete": "cascade",
          "onupdate": "cascade"
        },
        {
          "entity": "comment",
          "cardinality": "manyToOne",
          "nullable": "not",
          "ondelete": "cascade",
          "onupdate": "cascade"
        }
      ]
    }
  ]
}