{"name":"user","attribut":[{"name":"id","visibility":"id","datatype":"integer","size":"","nullable":"not","formtype":"id"},{"name":"firstname","visibility":"firstname","datatype":"string","size":55,"nullable":"default","formtype":"firstname"},{"name":"lastname","visibility":"lastname","datatype":"string","size":55,"nullable":"default","formtype":"lastname"},{"name":"sexe","visibility":"sexe","datatype":"string","size":10,"nullable":"default","formtype":"sexe"},{"name":"countrycode","visibility":"countrycode","datatype":"string","size":3,"nullable":"default","formtype":"countrycode"},{"name":"phonenumber","visibility":"phonenumber","datatype":"string","size":25,"nullable":"not","formtype":"phonenumber"},{"name":"birthdate","visibility":"birthdate","datatype":"date","size":"","nullable":"default","formtype":"birthdate"}],"relation":[{"entity":"country","cardinality":"manyToOne","nullable":"not","ondelete":"cascade","onupdate":"cascade"}]}