{"id":2,"name":"ModuleComment","project":"edition3ag","nbent":1,"listentity":[{"id":437,"name":"comment","attribut":{"3":{"name":"pseudo","nullable":"not","size":"255","formtype":"text","datatype":"string"},"4":{"name":"email","nullable":"default","size":"255","formtype":"text","datatype":"string"},"5":{"name":"comment","nullable":"not","size":"","formtype":"textarea","datatype":"text"},"7":{"name":"creationdate","nullable":"not","size":"","formtype":"date","datatype":"datetime"},"8":{"name":"seen","nullable":"not","size":"","formtype":"radio","datatype":"boolean"}},"relation":[{"entity":"chapter","cardinality":"manyToOne","nullable":"default","ondelete":"cascade","onupdate":"cascade"},{"entity":"abonne","cardinality":"manyToOne","nullable":"default","ondelete":"cascade","onupdate":"cascade"},{"entity":"image","cardinality":"manyToOne","nullable":"default","ondelete":"cascade","onupdate":"cascade"}],"module":{"id":2}}]}