{"id":144,"name":"comicbook","attribut":{"2":{"name":"name","nullable":"not","size":"55","formtype":"text","datatype":"string"},"3":{"name":"alternatif","nullable":"not","size":"25","formtype":"text","datatype":"string"},"4":{"name":"creationdate","nullable":"not","size":"","formtype":"date","datatype":"date"},"5":{"name":"readingdirection","nullable":"not","size":"","formtype":"radio","datatype":"boolean"},"6":{"name":"synopsis","nullable":"collate","size":"","formtype":"textarea","datatype":"text"},"7":{"name":"banner","nullable":"default","size":"55","formtype":"text","datatype":"string"},"8":{"name":"logo","nullable":"default","size":"55","formtype":"text","datatype":"string"},"9":{"name":"imgclassement","nullable":"default","size":"50","formtype":"text","datatype":"string"},"10":{"name":"pteimage","nullable":"default","size":"50","formtype":"text","datatype":"string"},"11":{"name":"ischronic","nullable":"not","size":"","formtype":"radio","datatype":"boolean"},"12":{"name":"path","nullable":"default","size":"120","formtype":"text","datatype":"string"}},"relation":[],"module":{"id":1},"ref":null}