{"id":5,"name":"cmstext","module":{"id":4},"ref":null,"attribut":{"1":{"name":"titre","visibility":"","datatype":"string","size":"255","nullable":"default","formtype":"text","$$hashKey":"object:2284"},"6":{"name":"reference","visibility":"","datatype":"string","size":"25","nullable":"default","formtype":"text","$$hashKey":"object:2284"},"2":{"name":"content","visibility":"","datatype":"text","size":"","nullable":"not","formtype":"textarea","$$hashKey":"object:2313"},"4":{"name":"lang","visibility":"","datatype":"string","size":"2","nullable":"default","enum":{"en":"En","fr":"Fr"},"defaultvalue":"en","formtype":"radio","$$hashKey":"object:2350"},"5":{"name":"creationdate","visibility":"","datatype":"datetime","size":"","nullable":"not","defaultvalue":"auto","formtype":"text"}},"relation":[],"$$hashKey":"object:1358"}