{"id":3,"name":"ModuleLocation","project":"babycare","nbent":4,"listentity":[{"id":3,"name":"state","module":{"id":3},"ref":null,"attribut":{"1":{"name":"name","visibility":"","datatype":"string","size":"255","nullable":"not","formtype":"text"},"2":{"name":"phonecode","visibility":"","datatype":"integer","size":"5","nullable":"not","formtype":"text"}},"relation":[]},{"id":4,"name":"region","module":{"id":3},"ref":null,"attribut":{"1":{"name":"name","visibility":"","datatype":"string","size":"255","nullable":"not","formtype":"text"}},"relation":[{"entity":"state","cardinality":"manyToOne","nullable":"not","ondelete":"cascade","onupdate":"cascade"}]},{"id":5,"name":"department","module":{"id":3},"ref":null,"attribut":{"1":{"name":"name","visibility":"","datatype":"string","size":"255","nullable":"not","formtype":"text"}},"relation":[{"entity":"region","cardinality":"manyToOne","nullable":"not","ondelete":"cascade","onupdate":"cascade"}]},{"id":6,"name":"town","module":{"id":3},"ref":null,"attribut":{"1":{"name":"name","visibility":"","datatype":"string","size":"255","nullable":"not","formtype":"text"}},"relation":[{"entity":"department","cardinality":"manyToOne","nullable":"not","ondelete":"cascade","onupdate":"cascade"}]}]}