{
  "id": 2,
  "name": "ModuleRelation",
  "project": "spacekola",
  "nbent": 2,
  "listentity": [
    {
      "name": "follow",
      "attribut": [
        {
          "name": "follower",
          "visibility": "",
          "datatype": "integer",
          "size": "",
          "nullable": "default",
          "formtype": "text"
        },
        {
          "name": "following",
          "visibility": "",
          "datatype": "integer",
          "size": "",
          "nullable": "default",
          "formtype": "text"
        },
        {
          "name": "creationdate",
          "visibility": "",
          "datatype": "datetime",
          "size": "",
          "nullable": "not",
          "defaultvalue": "auto",
          "formtype": "text"
        }
      ],
      "relation": []
    }
  ]
}