{"id":29,"name":"abonne","attribut":{"2":{"name":"pseudo","nullable":"not","size":"255","formtype":"text","datatype":"string"},"9":{"name":"date_naissance","nullable":"default","size":"","formtype":"date","datatype":"date"},"10":{"name":"sexe","nullable":"not","size":"","formtype":"radio","datatype":"boolean"},"11":{"name":"ischecker","nullable":"not","size":"","formtype":"radio","datatype":"boolean"},"12":{"name":"istraductor","nullable":"not","size":"","formtype":"radio","datatype":"boolean"}},"relation":[{"entity":"country","cardinality":"manyToOne","nullable":"default","ondelete":"cascade","onupdate":"cascade"}],"module":{"id":4}}