{"id":497,"name":"member","attribut":{"3":{"name":"pseudo","nullable":"not","size":"255","formtype":"text","datatype":"string"},"4":{"name":"firstname","nullable":"not","size":"255","formtype":"text","datatype":"string"},"5":{"name":"lastname","nullable":"not","size":"255","formtype":"text","datatype":"string"},"6":{"name":"email","nullable":"not","size":"255","formtype":"text","datatype":"string"},"7":{"name":"tel","nullable":"default","size":"25","formtype":"text","datatype":"string"},"9":{"name":"date_ajout","nullable":"not","size":"","formtype":"date","datatype":"date"},"10":{"name":"date_naissance","nullable":"default","size":"","formtype":"date","datatype":"date"},"11":{"name":"sexe","nullable":"not","size":"","formtype":"radio","datatype":"boolean"}},"relation":[{"entity":"country","cardinality":"manyToOne","nullable":"default","ondelete":"cascade","onupdate":"cascade"},{"entity":"abonne","cardinality":"manyToOne","nullable":"default","ondelete":"cascade","onupdate":"cascade"},{"entity":"image","cardinality":"manyToOne","nullable":"default","ondelete":"cascade","onupdate":"cascade"}],"module":{"id":4}}