{
  "id": 1,
  "name": "ModuleTranslate",
  "project": "devups",
  "listentity": [
    {
      "name": "dvups_lang",
      "attribut": {
        "1": {
          "name": "ref",
          "visibility": "",
          "datatype": "string",
          "size": "150",
          "nullable": "not",
          "formtype": "text"
        },
        "4": {
          "name": "content",
          "visibility": "",
          "datatype": "text",
          "size": "",
          "nullable": "not",
          "formtype": "textarea"
        },
        "5": {
          "name": "_table",
          "visibility": "",
          "datatype": "string",
          "size": "55",
          "nullable": "not",
          "formtype": "textarea"
        },
        "6": {
          "name": "_row",
          "visibility": "",
          "datatype": "integer",
          "size": "",
          "nullable": "not",
          "formtype": "textarea"
        },
        "6": {
          "name": "_column",
          "visibility": "",
          "datatype": "string",
          "size": "55",
          "nullable": "not",
          "formtype": "textarea"
        },
        "2": {
          "name": "lang",
          "visibility": "",
          "datatype": "string",
          "size": "2",
          "nullable": "not",
          "formtype": "textarea"
        }
      },
      "relation": []
    }
  ]
}