{
  "name": "edition3ag",
  "template": "adminv2",
  "listmodule": [
    {
      "id": 1,
      "name": "ModuleComicbook",
      "project": "edition3ag",
      "nbent": 3,
      "listentity": [
        {
          "id": 144,
          "name": "comicbook",
          "attribut": {
            "2": {
              "name": "name",
              "nullable": "not",
              "size": "55",
              "formtype": "text",
              "datatype": "string"
            },
            "3": {
              "name": "alternatif",
              "nullable": "not",
              "size": "25",
              "formtype": "text",
              "datatype": "string"
            },
            "4": {
              "name": "creationdate",
              "nullable": "not",
              "size": "",
              "formtype": "date",
              "datatype": "date"
            },
            "5": {
              "name": "readingdirection",
              "nullable": "not",
              "size": "",
              "formtype": "radio",
              "datatype": "boolean"
            },
            "6": {
              "name": "synopsis",
              "nullable": "collate",
              "size": "",
              "formtype": "textarea",
              "datatype": "text"
            },
            "7": {
              "name": "banner",
              "nullable": "default",
              "size": "55",
              "formtype": "text",
              "datatype": "string"
            },
            "8": {
              "name": "logo",
              "nullable": "default",
              "size": "55",
              "formtype": "text",
              "datatype": "string"
            },
            "9": {
              "name": "imgclassement",
              "nullable": "default",
              "size": "50",
              "formtype": "text",
              "datatype": "string"
            },
            "10": {
              "name": "pteimage",
              "nullable": "default",
              "size": "50",
              "formtype": "text",
              "datatype": "string"
            },
            "11": {
              "name": "ischronic",
              "nullable": "not",
              "size": "",
              "formtype": "radio",
              "datatype": "boolean"
            },
            "12": {
              "name": "path",
              "nullable": "default",
              "size": "120",
              "formtype": "text",
              "datatype": "string"
            }
          },
          "relation": [],
          "module": {
            "id": 1
          },
          "ref": null
        },
        {
          "id": 242,
          "name": "chapter",
          "attribut": {
            "2": {
              "name": "title",
              "nullable": "not",
              "size": "255",
              "formtype": "text",
              "datatype": "string"
            },
            "3": {
              "name": "number",
              "nullable": "not",
              "size": "11",
              "formtype": "text",
              "datatype": "integer"
            },
            "4": {
              "name": "creationdate",
              "nullable": "default",
              "size": "",
              "formtype": "date",
              "datatype": "datetime"
            },
            "5": {
              "name": "images",
              "nullable": "default",
              "size": "",
              "formtype": "textarea",
              "datatype": "text"
            },
            "6": {
              "name": "isnew",
              "nullable": "default",
              "size": "",
              "formtype": "textarea",
              "datatype": "text"
            },
            "7": {
              "name": "status",
              "nullable": "not",
              "size": "",
              "formtype": "radio",
              "datatype": "boolean"
            },
            "9": {
              "name": "lang",
              "nullable": "default",
              "size": "2",
              "formtype": "text",
              "datatype": "string"
            },
            "10": {
              "name": "intranslation",
              "nullable": "not",
              "size": "",
              "formtype": "radio",
              "datatype": "boolean"
            },
            "11": {
              "name": "translated",
              "nullable": "not",
              "size": "",
              "formtype": "radio",
              "datatype": "boolean"
            },
            "12": {
              "name": "tranlatedto",
              "nullable": "default",
              "size": "2",
              "formtype": "text",
              "datatype": "string"
            },
            "13": {
              "name": "path",
              "nullable": "default",
              "size": "120",
              "formtype": "text",
              "datatype": "string"
            },
            "14": {
              "name": "cover",
              "nullable": "default",
              "size": "255",
              "formtype": "text",
              "datatype": "string"
            }
          },
          "relation": [
            {
              "entity": "comicbook",
              "cardinality": "manyToOne",
              "nullable": "default",
              "ondelete": "cascade",
              "onupdate": "cascade"
            }
          ],
          "module": {
            "id": 1
          }
        },
        {
          "id": 828,
          "name": "gender",
          "attribut": [
            {
              "name": "name",
              "nullable": "not",
              "size": "233",
              "formtype": "text",
              "datatype": "string"
            }
          ],
          "relation": [],
          "module": {
            "id": 1
          }
        }
      ]
    },
    {
      "id": 2,
      "name": "ModuleComment",
      "project": "edition3ag",
      "nbent": 1,
      "listentity": [
        {
          "id": 437,
          "name": "comment",
          "attribut": {
            "3": {
              "name": "pseudo",
              "nullable": "not",
              "size": "255",
              "formtype": "text",
              "datatype": "string"
            },
            "4": {
              "name": "email",
              "nullable": "default",
              "size": "255",
              "formtype": "text",
              "datatype": "string"
            },
            "5": {
              "name": "comment",
              "nullable": "not",
              "size": "",
              "formtype": "textarea",
              "datatype": "text"
            },
            "7": {
              "name": "creationdate",
              "nullable": "not",
              "size": "",
              "formtype": "date",
              "datatype": "datetime"
            },
            "8": {
              "name": "seen",
              "nullable": "not",
              "size": "",
              "formtype": "radio",
              "datatype": "boolean"
            }
          },
          "relation": [
            {
              "entity": "chapter",
              "cardinality": "manyToOne",
              "nullable": "default",
              "ondelete": "cascade",
              "onupdate": "cascade"
            },
            {
              "entity": "abonne",
              "cardinality": "manyToOne",
              "nullable": "default",
              "ondelete": "cascade",
              "onupdate": "cascade"
            },
            {
              "entity": "image",
              "cardinality": "manyToOne",
              "nullable": "default",
              "ondelete": "cascade",
              "onupdate": "cascade"
            }
          ],
          "module": {
            "id": 2
          }
        }
      ]
    },
    {
      "id": 3,
      "name": "ModuleTranslation",
      "project": "edition3ag",
      "nbent": 2,
      "listentity": [
        {
          "id": 345,
          "name": "chapterdialog",
          "attribut": {
            "4": {
              "name": "checked_at",
              "nullable": "default",
              "size": "",
              "formtype": "date",
              "datatype": "datetime"
            },
            "5": {
              "name": "status",
              "nullable": "not",
              "size": "11",
              "formtype": "text",
              "datatype": "integer"
            },
            "6": {
              "name": "nbwords",
              "nullable": "not",
              "size": "11",
              "formtype": "text",
              "datatype": "integer"
            },
            "7": {
              "name": "started_at",
              "nullable": "default",
              "size": "",
              "formtype": "date",
              "datatype": "datetime"
            }
          },
          "relation": [
            {
              "entity": "abonne",
              "cardinality": "manyToOne",
              "nullable": "default",
              "ondelete": "cascade",
              "onupdate": "cascade"
            },
            {
              "entity": "chapter",
              "cardinality": "manyToOne",
              "nullable": "default",
              "ondelete": "cascade",
              "onupdate": "cascade"
            }
          ],
          "module": {
            "id": 3
          },
          "ref": null
        },
        {
          "id": 377,
          "name": "chaptertranslate",
          "attribut": {
            "2": {
              "name": "date_start",
              "nullable": "default",
              "size": "",
              "formtype": "date",
              "datatype": "datetime"
            },
            "3": {
              "name": "date_end",
              "nullable": "default",
              "size": "",
              "formtype": "date",
              "datatype": "datetime"
            },
            "4": {
              "name": "lang",
              "nullable": "default",
              "size": "2",
              "formtype": "text",
              "datatype": "string"
            },
            "7": {
              "name": "status",
              "nullable": "not",
              "size": "11",
              "formtype": "text",
              "datatype": "integer"
            }
          },
          "relation": [
            {
              "entity": "chapterdialog",
              "cardinality": "manyToOne",
              "nullable": "default",
              "ondelete": "cascade",
              "onupdate": "cascade"
            },
            {
              "entity": "abonne",
              "cardinality": "manyToOne",
              "nullable": "default",
              "ondelete": "cascade",
              "onupdate": "cascade"
            }
          ],
          "module": {
            "id": 3
          },
          "ref": null
        }
      ]
    },
    {
      "id": 4,
      "name": "ModuleRessource",
      "project": "edition3ag",
      "nbent": 3,
      "listentity": [
        {
          "id": 29,
          "name": "abonne",
          "attribut": {
            "2": {
              "name": "pseudo",
              "nullable": "not",
              "size": "255",
              "formtype": "text",
              "datatype": "string"
            },
            "9": {
              "name": "date_naissance",
              "nullable": "default",
              "size": "",
              "formtype": "date",
              "datatype": "date"
            },
            "10": {
              "name": "sexe",
              "nullable": "not",
              "size": "",
              "formtype": "radio",
              "datatype": "boolean"
            },
            "11": {
              "name": "ischecker",
              "nullable": "not",
              "size": "",
              "formtype": "radio",
              "datatype": "boolean"
            },
            "12": {
              "name": "istraductor",
              "nullable": "not",
              "size": "",
              "formtype": "radio",
              "datatype": "boolean"
            }
          },
          "relation": [
            {
              "entity": "country",
              "cardinality": "manyToOne",
              "nullable": "default",
              "ondelete": "cascade",
              "onupdate": "cascade"
            }
          ],
          "module": {
            "id": 4
          }
        },
        {
          "id": 497,
          "name": "drawer",
          "attribut": {
            "3": {
              "name": "pseudo",
              "nullable": "not",
              "size": "255",
              "formtype": "text",
              "datatype": "string"
            },
            "4": {
              "name": "firstname",
              "nullable": "not",
              "size": "255",
              "formtype": "text",
              "datatype": "string"
            },
            "5": {
              "name": "lastname",
              "nullable": "not",
              "size": "255",
              "formtype": "text",
              "datatype": "string"
            },
            "6": {
              "name": "email",
              "nullable": "not",
              "size": "255",
              "formtype": "text",
              "datatype": "string"
            },
            "7": {
              "name": "tel",
              "nullable": "default",
              "size": "25",
              "formtype": "text",
              "datatype": "string"
            },
            "9": {
              "name": "date_ajout",
              "nullable": "not",
              "size": "",
              "formtype": "date",
              "datatype": "date"
            },
            "10": {
              "name": "date_naissance",
              "nullable": "default",
              "size": "",
              "formtype": "date",
              "datatype": "date"
            },
            "11": {
              "name": "sexe",
              "nullable": "not",
              "size": "",
              "formtype": "radio",
              "datatype": "boolean"
            }
          },
          "relation": [
            {
              "entity": "country",
              "cardinality": "manyToOne",
              "nullable": "default",
              "ondelete": "cascade",
              "onupdate": "cascade"
            },
            {
              "entity": "abonne",
              "cardinality": "manyToOne",
              "nullable": "default",
              "ondelete": "cascade",
              "onupdate": "cascade"
            },
            {
              "entity": "image",
              "cardinality": "manyToOne",
              "nullable": "default",
              "ondelete": "cascade",
              "onupdate": "cascade"
            }
          ],
          "module": {
            "id": 4
          }
        },
        {
          "id": 2061,
          "name": "work",
          "attribut": {
            "2": {
              "name": "title",
              "nullable": "not",
              "size": "25",
              "formtype": "text",
              "datatype": "string"
            },
            "3": {
              "name": "creationdate",
              "nullable": "not",
              "size": "",
              "formtype": "date",
              "datatype": "date"
            }
          },
          "relation": [
            {
              "entity": "abonne",
              "cardinality": "manyToOne",
              "nullable": "default",
              "ondelete": "cascade",
              "onupdate": "cascade"
            }
          ],
          "module": {
            "id": 4
          }
        }
      ]
    },
    {
      "id": 5,
      "name": "ModuleImage",
      "project": "edition3ag",
      "nbent": 1,
      "listentity": [
        {
          "id": 910,
          "name": "image",
          "attribut": {
            "2": {
              "name": "width_size",
              "nullable": "not",
              "size": "255",
              "formtype": "text",
              "datatype": "string"
            },
            "3": {
              "name": "height_size",
              "nullable": "not",
              "size": "255",
              "formtype": "text",
              "datatype": "string"
            },
            "4": {
              "name": "title",
              "nullable": "not",
              "size": "255",
              "formtype": "text",
              "datatype": "string"
            },
            "5": {
              "name": "creationdate",
              "nullable": "not",
              "size": "",
              "formtype": "date",
              "datatype": "datetime"
            },
            "6": {
              "name": "author",
              "nullable": "default",
              "size": "255",
              "formtype": "text",
              "datatype": "string"
            },
            "7": {
              "name": "about",
              "nullable": "collate",
              "size": "",
              "formtype": "textarea",
              "datatype": "text"
            },
            "8": {
              "name": "image",
              "nullable": "not",
              "size": "255",
              "formtype": "text",
              "datatype": "string"
            },
            "9": {
              "name": "path",
              "nullable": "default",
              "size": "150",
              "formtype": "text",
              "datatype": "string"
            },
            "10": {
              "name": "isnew",
              "nullable": "default",
              "size": "1",
              "formtype": "text",
              "datatype": "string"
            }
          },
          "relation": [
            {
              "entity": "abonne",
              "cardinality": "manyToOne",
              "nullable": "default",
              "ondelete": "cascade",
              "onupdate": "cascade"
            }
          ],
          "module": {
            "id": 5
          }
        }
      ]
    }
  ],
  "parent": 1,
  "dbref": "20",
  "team": []
}
